,DEAM-Effnet-Discogs,EmoMusic-Effnet-Discogs,DEAM-MusiCNN,EmoMusic-MusiCNN,DEAM-VGGish,EmoMusic-VGGish,Spotify
0,57.446808510638306,58.86524822695035,57.446808510638306,62.4113475177305,58.156028368794324,58.86524822695035,59.9290780141844
1,56.470588235294116,57.03125,56.07843137254902,61.568627450980394,56.25,58.984375,59.375
