,DEAM-Effnet-Discogs,EmoMusic-Effnet-Discogs,DEAM-MusiCNN,EmoMusic-MusiCNN,DEAM-VGGish,EmoMusic-VGGish,Spotify
0,47.93103448275862,46.55172413793103,50.0,51.37931034482759,49.310344827586206,51.37931034482759,54.137931034482754
1,48.68913857677903,47.16981132075472,51.50375939849624,53.383458646616546,49.43820224719101,52.61194029850746,54.51127819548872
